{
	"cod": "200",
	"message": 0.0106,
	"cnt": 40,
	"list": [
		{
			"dt": 1569369600,
			"main": {
				"temp": 71.42,
				"temp_min": 69.74,
				"temp_max": 71.42,
				"pressure": 1001,
				"sea_level": 1001,
				"grnd_level": 967.56,
				"humidity": 72,
				"temp_kf": 0.94
			},
			"weather": [
				{
					"id": 500,
					"main": "Rain",
					"description": "light rain",
					"icon": "10n"
				}
			],
			"clouds": {
				"all": 93
			},
			"wind": {
				"speed": 4.21,
				"deg": 236.487
			},
			"rain": {
				"3h": 0.562
			},
			"sys": {
				"pod": "n"
			},
			"dt_txt": "2019-09-25 00:00:00"
		},
		{
			"dt": 1569380400,
			"main": {
				"temp": 65.26,
				"temp_min": 64,
				"temp_max": 65.26,
				"pressure": 1000.43,
				"sea_level": 1000.43,
				"grnd_level": 967.71,
				"humidity": 78,
				"temp_kf": 0.7
			},
			"weather": [
				{
					"id": 802,
					"main": "Clouds",
					"description": "scattered clouds",
					"icon": "03n"
				}
			],
			"clouds": {
				"all": 33
			},
			"wind": {
				"speed": 7.02,
				"deg": 289.705
			},
			"sys": {
				"pod": "n"
			},
			"dt_txt": "2019-09-25 03:00:00"
		},
		{
			"dt": 1569391200,
			"main": {
				"temp": 64.18,
				"temp_min": 63.34,
				"temp_max": 64.18,
				"pressure": 1001.02,
				"sea_level": 1001.02,
				"grnd_level": 967.98,
				"humidity": 72,
				"temp_kf": 0.47
			},
			"weather": [
				{
					"id": 803,
					"main": "Clouds",
					"description": "broken clouds",
					"icon": "04n"
				}
			],
			"clouds": {
				"all": 66
			},
			"wind": {
				"speed": 9.48,
				"deg": 255.931
			},
			"sys": {
				"pod": "n"
			},
			"dt_txt": "2019-09-25 06:00:00"
		},
		{
			"dt": 1569402000,
			"main": {
				"temp": 59.97,
				"temp_min": 59.56,
				"temp_max": 59.97,
				"pressure": 1001.33,
				"sea_level": 1001.33,
				"grnd_level": 967.63,
				"humidity": 65,
				"temp_kf": 0.23
			},
			"weather": [
				{
					"id": 800,
					"main": "Clear",
					"description": "clear sky",
					"icon": "01n"
				}
			],
			"clouds": {
				"all": 0
			},
			"wind": {
				"speed": 11.61,
				"deg": 272.178
			},
			"sys": {
				"pod": "n"
			},
			"dt_txt": "2019-09-25 09:00:00"
		},
		{
			"dt": 1569412800,
			"main": {
				"temp": 55.49,
				"temp_min": 55.49,
				"temp_max": 55.49,
				"pressure": 1004.04,
				"sea_level": 1004.04,
				"grnd_level": 970.61,
				"humidity": 73,
				"temp_kf": 0
			},
			"weather": [
				{
					"id": 800,
					"main": "Clear",
					"description": "clear sky",
					"icon": "01n"
				}
			],
			"clouds": {
				"all": 0
			},
			"wind": {
				"speed": 14.56,
				"deg": 290.661
			},
			"sys": {
				"pod": "n"
			},
			"dt_txt": "2019-09-25 12:00:00"
		},
		{
			"dt": 1569423600,
			"main": {
				"temp": 59.77,
				"temp_min": 59.77,
				"temp_max": 59.77,
				"pressure": 1006.12,
				"sea_level": 1006.12,
				"grnd_level": 972.77,
				"humidity": 61,
				"temp_kf": 0
			},
			"weather": [
				{
					"id": 800,
					"main": "Clear",
					"description": "clear sky",
					"icon": "01d"
				}
			],
			"clouds": {
				"all": 0
			},
			"wind": {
				"speed": 13.62,
				"deg": 301.356
			},
			"sys": {
				"pod": "d"
			},
			"dt_txt": "2019-09-25 15:00:00"
		},
		{
			"dt": 1569434400,
			"main": {
				"temp": 65.15,
				"temp_min": 65.15,
				"temp_max": 65.15,
				"pressure": 1007.09,
				"sea_level": 1007.09,
				"grnd_level": 973.95,
				"humidity": 47,
				"temp_kf": 0
			},
			"weather": [
				{
					"id": 801,
					"main": "Clouds",
					"description": "few clouds",
					"icon": "02d"
				}
			],
			"clouds": {
				"all": 14
			},
			"wind": {
				"speed": 14.41,
				"deg": 284.105
			},
			"sys": {
				"pod": "d"
			},
			"dt_txt": "2019-09-25 18:00:00"
		},
		{
			"dt": 1569445200,
			"main": {
				"temp": 65.9,
				"temp_min": 65.9,
				"temp_max": 65.9,
				"pressure": 1005.97,
				"sea_level": 1005.97,
				"grnd_level": 972.71,
				"humidity": 47,
				"temp_kf": 0
			},
			"weather": [
				{
					"id": 802,
					"main": "Clouds",
					"description": "scattered clouds",
					"icon": "03d"
				}
			],
			"clouds": {
				"all": 42
			},
			"wind": {
				"speed": 14.2,
				"deg": 278.846
			},
			"sys": {
				"pod": "d"
			},
			"dt_txt": "2019-09-25 21:00:00"
		},
		{
			"dt": 1569456000,
			"main": {
				"temp": 60.38,
				"temp_min": 60.38,
				"temp_max": 60.38,
				"pressure": 1007.67,
				"sea_level": 1007.67,
				"grnd_level": 974.3,
				"humidity": 53,
				"temp_kf": 0
			},
			"weather": [
				{
					"id": 802,
					"main": "Clouds",
					"description": "scattered clouds",
					"icon": "03n"
				}
			],
			"clouds": {
				"all": 38
			},
			"wind": {
				"speed": 11.88,
				"deg": 284.068
			},
			"sys": {
				"pod": "n"
			},
			"dt_txt": "2019-09-26 00:00:00"
		},
		{
			"dt": 1569466800,
			"main": {
				"temp": 57.3,
				"temp_min": 57.3,
				"temp_max": 57.3,
				"pressure": 1010.46,
				"sea_level": 1010.46,
				"grnd_level": 976.6,
				"humidity": 51,
				"temp_kf": 0
			},
			"weather": [
				{
					"id": 500,
					"main": "Rain",
					"description": "light rain",
					"icon": "10n"
				}
			],
			"clouds": {
				"all": 90
			},
			"wind": {
				"speed": 13.24,
				"deg": 298.176
			},
			"rain": {
				"3h": 0.25
			},
			"sys": {
				"pod": "n"
			},
			"dt_txt": "2019-09-26 03:00:00"
		},
		{
			"dt": 1569477600,
			"main": {
				"temp": 51.87,
				"temp_min": 51.87,
				"temp_max": 51.87,
				"pressure": 1011.41,
				"sea_level": 1011.41,
				"grnd_level": 977.45,
				"humidity": 65,
				"temp_kf": 0
			},
			"weather": [
				{
					"id": 802,
					"main": "Clouds",
					"description": "scattered clouds",
					"icon": "03n"
				}
			],
			"clouds": {
				"all": 45
			},
			"wind": {
				"speed": 8.72,
				"deg": 296.216
			},
			"rain": {
			},
			"sys": {
				"pod": "n"
			},
			"dt_txt": "2019-09-26 06:00:00"
		},
		{
			"dt": 1569488400,
			"main": {
				"temp": 49.44,
				"temp_min": 49.44,
				"temp_max": 49.44,
				"pressure": 1012.01,
				"sea_level": 1012.01,
				"grnd_level": 977.81,
				"humidity": 66,
				"temp_kf": 0
			},
			"weather": [
				{
					"id": 800,
					"main": "Clear",
					"description": "clear sky",
					"icon": "01n"
				}
			],
			"clouds": {
				"all": 0
			},
			"wind": {
				"speed": 7.34,
				"deg": 260.739
			},
			"sys": {
				"pod": "n"
			},
			"dt_txt": "2019-09-26 09:00:00"
		},
		{
			"dt": 1569499200,
			"main": {
				"temp": 48.29,
				"temp_min": 48.29,
				"temp_max": 48.29,
				"pressure": 1012.53,
				"sea_level": 1012.53,
				"grnd_level": 978,
				"humidity": 65,
				"temp_kf": 0
			},
			"weather": [
				{
					"id": 800,
					"main": "Clear",
					"description": "clear sky",
					"icon": "01n"
				}
			],
			"clouds": {
				"all": 0
			},
			"wind": {
				"speed": 7.25,
				"deg": 269.152
			},
			"sys": {
				"pod": "n"
			},
			"dt_txt": "2019-09-26 12:00:00"
		},
		{
			"dt": 1569510000,
			"main": {
				"temp": 55.39,
				"temp_min": 55.39,
				"temp_max": 55.39,
				"pressure": 1012.31,
				"sea_level": 1012.31,
				"grnd_level": 978.59,
				"humidity": 59,
				"temp_kf": 0
			},
			"weather": [
				{
					"id": 800,
					"main": "Clear",
					"description": "clear sky",
					"icon": "01d"
				}
			],
			"clouds": {
				"all": 2
			},
			"wind": {
				"speed": 9.01,
				"deg": 247.971
			},
			"sys": {
				"pod": "d"
			},
			"dt_txt": "2019-09-26 15:00:00"
		},
		{
			"dt": 1569520800,
			"main": {
				"temp": 63.45,
				"temp_min": 63.45,
				"temp_max": 63.45,
				"pressure": 1011.26,
				"sea_level": 1011.26,
				"grnd_level": 977.93,
				"humidity": 46,
				"temp_kf": 0
			},
			"weather": [
				{
					"id": 803,
					"main": "Clouds",
					"description": "broken clouds",
					"icon": "04d"
				}
			],
			"clouds": {
				"all": 51
			},
			"wind": {
				"speed": 11.16,
				"deg": 242.973
			},
			"sys": {
				"pod": "d"
			},
			"dt_txt": "2019-09-26 18:00:00"
		},
		{
			"dt": 1569531600,
			"main": {
				"temp": 65.91,
				"temp_min": 65.91,
				"temp_max": 65.91,
				"pressure": 1008.31,
				"sea_level": 1008.31,
				"grnd_level": 974.92,
				"humidity": 45,
				"temp_kf": 0
			},
			"weather": [
				{
					"id": 803,
					"main": "Clouds",
					"description": "broken clouds",
					"icon": "04d"
				}
			],
			"clouds": {
				"all": 80
			},
			"wind": {
				"speed": 9.8,
				"deg": 218.229
			},
			"sys": {
				"pod": "d"
			},
			"dt_txt": "2019-09-26 21:00:00"
		},
		{
			"dt": 1569542400,
			"main": {
				"temp": 62.66,
				"temp_min": 62.66,
				"temp_max": 62.66,
				"pressure": 1006.71,
				"sea_level": 1006.71,
				"grnd_level": 972.89,
				"humidity": 46,
				"temp_kf": 0
			},
			"weather": [
				{
					"id": 804,
					"main": "Clouds",
					"description": "overcast clouds",
					"icon": "04n"
				}
			],
			"clouds": {
				"all": 90
			},
			"wind": {
				"speed": 10.25,
				"deg": 178.96
			},
			"sys": {
				"pod": "n"
			},
			"dt_txt": "2019-09-27 00:00:00"
		},
		{
			"dt": 1569553200,
			"main": {
				"temp": 62.41,
				"temp_min": 62.41,
				"temp_max": 62.41,
				"pressure": 1004.48,
				"sea_level": 1004.48,
				"grnd_level": 970.9,
				"humidity": 42,
				"temp_kf": 0
			},
			"weather": [
				{
					"id": 804,
					"main": "Clouds",
					"description": "overcast clouds",
					"icon": "04n"
				}
			],
			"clouds": {
				"all": 100
			},
			"wind": {
				"speed": 14.5,
				"deg": 171.814
			},
			"sys": {
				"pod": "n"
			},
			"dt_txt": "2019-09-27 03:00:00"
		},
		{
			"dt": 1569564000,
			"main": {
				"temp": 61.19,
				"temp_min": 61.19,
				"temp_max": 61.19,
				"pressure": 1000.72,
				"sea_level": 1000.72,
				"grnd_level": 967.59,
				"humidity": 55,
				"temp_kf": 0
			},
			"weather": [
				{
					"id": 804,
					"main": "Clouds",
					"description": "overcast clouds",
					"icon": "04n"
				}
			],
			"clouds": {
				"all": 100
			},
			"wind": {
				"speed": 17.94,
				"deg": 180.986
			},
			"sys": {
				"pod": "n"
			},
			"dt_txt": "2019-09-27 06:00:00"
		},
		{
			"dt": 1569574800,
			"main": {
				"temp": 60.5,
				"temp_min": 60.5,
				"temp_max": 60.5,
				"pressure": 998.32,
				"sea_level": 998.32,
				"grnd_level": 965.06,
				"humidity": 67,
				"temp_kf": 0
			},
			"weather": [
				{
					"id": 804,
					"main": "Clouds",
					"description": "overcast clouds",
					"icon": "04n"
				}
			],
			"clouds": {
				"all": 93
			},
			"wind": {
				"speed": 13.27,
				"deg": 190.864
			},
			"sys": {
				"pod": "n"
			},
			"dt_txt": "2019-09-27 09:00:00"
		},
		{
			"dt": 1569585600,
			"main": {
				"temp": 60.74,
				"temp_min": 60.74,
				"temp_max": 60.74,
				"pressure": 998.81,
				"sea_level": 998.81,
				"grnd_level": 965.29,
				"humidity": 82,
				"temp_kf": 0
			},
			"weather": [
				{
					"id": 500,
					"main": "Rain",
					"description": "light rain",
					"icon": "10n"
				}
			],
			"clouds": {
				"all": 97
			},
			"wind": {
				"speed": 10.94,
				"deg": 247.486
			},
			"rain": {
				"3h": 0.25
			},
			"sys": {
				"pod": "n"
			},
			"dt_txt": "2019-09-27 12:00:00"
		},
		{
			"dt": 1569596400,
			"main": {
				"temp": 55.82,
				"temp_min": 55.82,
				"temp_max": 55.82,
				"pressure": 1001.89,
				"sea_level": 1001.89,
				"grnd_level": 968.95,
				"humidity": 72,
				"temp_kf": 0
			},
			"weather": [
				{
					"id": 804,
					"main": "Clouds",
					"description": "overcast clouds",
					"icon": "04d"
				}
			],
			"clouds": {
				"all": 100
			},
			"wind": {
				"speed": 16.46,
				"deg": 311.029
			},
			"sys": {
				"pod": "d"
			},
			"dt_txt": "2019-09-27 15:00:00"
		},
		{
			"dt": 1569607200,
			"main": {
				"temp": 58.51,
				"temp_min": 58.51,
				"temp_max": 58.51,
				"pressure": 1005.91,
				"sea_level": 1005.91,
				"grnd_level": 972.47,
				"humidity": 60,
				"temp_kf": 0
			},
			"weather": [
				{
					"id": 804,
					"main": "Clouds",
					"description": "overcast clouds",
					"icon": "04d"
				}
			],
			"clouds": {
				"all": 100
			},
			"wind": {
				"speed": 15.39,
				"deg": 321.067
			},
			"sys": {
				"pod": "d"
			},
			"dt_txt": "2019-09-27 18:00:00"
		},
		{
			"dt": 1569618000,
			"main": {
				"temp": 58.11,
				"temp_min": 58.11,
				"temp_max": 58.11,
				"pressure": 1007.85,
				"sea_level": 1007.85,
				"grnd_level": 974.53,
				"humidity": 55,
				"temp_kf": 0
			},
			"weather": [
				{
					"id": 804,
					"main": "Clouds",
					"description": "overcast clouds",
					"icon": "04d"
				}
			],
			"clouds": {
				"all": 95
			},
			"wind": {
				"speed": 13.67,
				"deg": 326.32
			},
			"sys": {
				"pod": "d"
			},
			"dt_txt": "2019-09-27 21:00:00"
		},
		{
			"dt": 1569628800,
			"main": {
				"temp": 53.14,
				"temp_min": 53.14,
				"temp_max": 53.14,
				"pressure": 1010.9,
				"sea_level": 1010.9,
				"grnd_level": 977.38,
				"humidity": 60,
				"temp_kf": 0
			},
			"weather": [
				{
					"id": 803,
					"main": "Clouds",
					"description": "broken clouds",
					"icon": "04n"
				}
			],
			"clouds": {
				"all": 76
			},
			"wind": {
				"speed": 8.59,
				"deg": 349.457
			},
			"sys": {
				"pod": "n"
			},
			"dt_txt": "2019-09-28 00:00:00"
		},
		{
			"dt": 1569639600,
			"main": {
				"temp": 49.79,
				"temp_min": 49.79,
				"temp_max": 49.79,
				"pressure": 1014.6,
				"sea_level": 1014.6,
				"grnd_level": 980.23,
				"humidity": 61,
				"temp_kf": 0
			},
			"weather": [
				{
					"id": 802,
					"main": "Clouds",
					"description": "scattered clouds",
					"icon": "03n"
				}
			],
			"clouds": {
				"all": 36
			},
			"wind": {
				"speed": 5.59,
				"deg": 354.335
			},
			"sys": {
				"pod": "n"
			},
			"dt_txt": "2019-09-28 03:00:00"
		},
		{
			"dt": 1569650400,
			"main": {
				"temp": 47.25,
				"temp_min": 47.25,
				"temp_max": 47.25,
				"pressure": 1016.1,
				"sea_level": 1016.1,
				"grnd_level": 981.75,
				"humidity": 65,
				"temp_kf": 0
			},
			"weather": [
				{
					"id": 801,
					"main": "Clouds",
					"description": "few clouds",
					"icon": "02n"
				}
			],
			"clouds": {
				"all": 18
			},
			"wind": {
				"speed": 2.06,
				"deg": 356.958
			},
			"sys": {
				"pod": "n"
			},
			"dt_txt": "2019-09-28 06:00:00"
		},
		{
			"dt": 1569661200,
			"main": {
				"temp": 46.53,
				"temp_min": 46.53,
				"temp_max": 46.53,
				"pressure": 1019.6,
				"sea_level": 1019.6,
				"grnd_level": 984.72,
				"humidity": 65,
				"temp_kf": 0
			},
			"weather": [
				{
					"id": 802,
					"main": "Clouds",
					"description": "scattered clouds",
					"icon": "03n"
				}
			],
			"clouds": {
				"all": 31
			},
			"wind": {
				"speed": 2.64,
				"deg": 33.542
			},
			"sys": {
				"pod": "n"
			},
			"dt_txt": "2019-09-28 09:00:00"
		},
		{
			"dt": 1569672000,
			"main": {
				"temp": 45.13,
				"temp_min": 45.13,
				"temp_max": 45.13,
				"pressure": 1021.45,
				"sea_level": 1021.45,
				"grnd_level": 986.21,
				"humidity": 68,
				"temp_kf": 0
			},
			"weather": [
				{
					"id": 801,
					"main": "Clouds",
					"description": "few clouds",
					"icon": "02n"
				}
			],
			"clouds": {
				"all": 16
			},
			"wind": {
				"speed": 3.89,
				"deg": 46.909
			},
			"sys": {
				"pod": "n"
			},
			"dt_txt": "2019-09-28 12:00:00"
		},
		{
			"dt": 1569682800,
			"main": {
				"temp": 52.75,
				"temp_min": 52.75,
				"temp_max": 52.75,
				"pressure": 1022.9,
				"sea_level": 1022.9,
				"grnd_level": 988.18,
				"humidity": 52,
				"temp_kf": 0
			},
			"weather": [
				{
					"id": 800,
					"main": "Clear",
					"description": "clear sky",
					"icon": "01d"
				}
			],
			"clouds": {
				"all": 0
			},
			"wind": {
				"speed": 4.05,
				"deg": 67.072
			},
			"sys": {
				"pod": "d"
			},
			"dt_txt": "2019-09-28 15:00:00"
		},
		{
			"dt": 1569693600,
			"main": {
				"temp": 59.42,
				"temp_min": 59.42,
				"temp_max": 59.42,
				"pressure": 1023.28,
				"sea_level": 1023.28,
				"grnd_level": 989.06,
				"humidity": 43,
				"temp_kf": 0
			},
			"weather": [
				{
					"id": 801,
					"main": "Clouds",
					"description": "few clouds",
					"icon": "02d"
				}
			],
			"clouds": {
				"all": 17
			},
			"wind": {
				"speed": 5.59,
				"deg": 59.257
			},
			"sys": {
				"pod": "d"
			},
			"dt_txt": "2019-09-28 18:00:00"
		},
		{
			"dt": 1569704400,
			"main": {
				"temp": 61.27,
				"temp_min": 61.27,
				"temp_max": 61.27,
				"pressure": 1022.03,
				"sea_level": 1022.03,
				"grnd_level": 987.75,
				"humidity": 43,
				"temp_kf": 0
			},
			"weather": [
				{
					"id": 804,
					"main": "Clouds",
					"description": "overcast clouds",
					"icon": "04d"
				}
			],
			"clouds": {
				"all": 92
			},
			"wind": {
				"speed": 6.96,
				"deg": 73.213
			},
			"sys": {
				"pod": "d"
			},
			"dt_txt": "2019-09-28 21:00:00"
		},
		{
			"dt": 1569715200,
			"main": {
				"temp": 56.34,
				"temp_min": 56.34,
				"temp_max": 56.34,
				"pressure": 1022.16,
				"sea_level": 1022.16,
				"grnd_level": 987.77,
				"humidity": 52,
				"temp_kf": 0
			},
			"weather": [
				{
					"id": 804,
					"main": "Clouds",
					"description": "overcast clouds",
					"icon": "04n"
				}
			],
			"clouds": {
				"all": 94
			},
			"wind": {
				"speed": 9.51,
				"deg": 92.492
			},
			"sys": {
				"pod": "n"
			},
			"dt_txt": "2019-09-29 00:00:00"
		},
		{
			"dt": 1569726000,
			"main": {
				"temp": 56.23,
				"temp_min": 56.23,
				"temp_max": 56.23,
				"pressure": 1023.21,
				"sea_level": 1023.21,
				"grnd_level": 988.53,
				"humidity": 47,
				"temp_kf": 0
			},
			"weather": [
				{
					"id": 803,
					"main": "Clouds",
					"description": "broken clouds",
					"icon": "04n"
				}
			],
			"clouds": {
				"all": 67
			},
			"wind": {
				"speed": 9.93,
				"deg": 102.709
			},
			"sys": {
				"pod": "n"
			},
			"dt_txt": "2019-09-29 03:00:00"
		},
		{
			"dt": 1569736800,
			"main": {
				"temp": 55.51,
				"temp_min": 55.51,
				"temp_max": 55.51,
				"pressure": 1022.7,
				"sea_level": 1022.7,
				"grnd_level": 988.02,
				"humidity": 46,
				"temp_kf": 0
			},
			"weather": [
				{
					"id": 803,
					"main": "Clouds",
					"description": "broken clouds",
					"icon": "04n"
				}
			],
			"clouds": {
				"all": 75
			},
			"wind": {
				"speed": 10.58,
				"deg": 111.259
			},
			"sys": {
				"pod": "n"
			},
			"dt_txt": "2019-09-29 06:00:00"
		},
		{
			"dt": 1569747600,
			"main": {
				"temp": 52.27,
				"temp_min": 52.27,
				"temp_max": 52.27,
				"pressure": 1022.02,
				"sea_level": 1022.02,
				"grnd_level": 987.53,
				"humidity": 58,
				"temp_kf": 0
			},
			"weather": [
				{
					"id": 803,
					"main": "Clouds",
					"description": "broken clouds",
					"icon": "04n"
				}
			],
			"clouds": {
				"all": 59
			},
			"wind": {
				"speed": 11.27,
				"deg": 116.107
			},
			"sys": {
				"pod": "n"
			},
			"dt_txt": "2019-09-29 09:00:00"
		},
		{
			"dt": 1569758400,
			"main": {
				"temp": 49.94,
				"temp_min": 49.94,
				"temp_max": 49.94,
				"pressure": 1019.15,
				"sea_level": 1019.15,
				"grnd_level": 984.91,
				"humidity": 68,
				"temp_kf": 0
			},
			"weather": [
				{
					"id": 500,
					"main": "Rain",
					"description": "light rain",
					"icon": "10n"
				}
			],
			"clouds": {
				"all": 69
			},
			"wind": {
				"speed": 14.29,
				"deg": 124.67
			},
			"rain": {
				"3h": 0.125
			},
			"sys": {
				"pod": "n"
			},
			"dt_txt": "2019-09-29 12:00:00"
		},
		{
			"dt": 1569769200,
			"main": {
				"temp": 51.73,
				"temp_min": 51.73,
				"temp_max": 51.73,
				"pressure": 1017.31,
				"sea_level": 1017.31,
				"grnd_level": 983.46,
				"humidity": 79,
				"temp_kf": 0
			},
			"weather": [
				{
					"id": 500,
					"main": "Rain",
					"description": "light rain",
					"icon": "10d"
				}
			],
			"clouds": {
				"all": 100
			},
			"wind": {
				"speed": 14.61,
				"deg": 130.585
			},
			"rain": {
				"3h": 0.438
			},
			"sys": {
				"pod": "d"
			},
			"dt_txt": "2019-09-29 15:00:00"
		},
		{
			"dt": 1569780000,
			"main": {
				"temp": 59.3,
				"temp_min": 59.3,
				"temp_max": 59.3,
				"pressure": 1015.05,
				"sea_level": 1015.05,
				"grnd_level": 981.51,
				"humidity": 75,
				"temp_kf": 0
			},
			"weather": [
				{
					"id": 804,
					"main": "Clouds",
					"description": "overcast clouds",
					"icon": "04d"
				}
			],
			"clouds": {
				"all": 100
			},
			"wind": {
				"speed": 13.49,
				"deg": 144.054
			},
			"rain": {
			},
			"sys": {
				"pod": "d"
			},
			"dt_txt": "2019-09-29 18:00:00"
		},
		{
			"dt": 1569790800,
			"main": {
				"temp": 62.41,
				"temp_min": 62.41,
				"temp_max": 62.41,
				"pressure": 1010.9,
				"sea_level": 1010.9,
				"grnd_level": 977.45,
				"humidity": 87,
				"temp_kf": 0
			},
			"weather": [
				{
					"id": 500,
					"main": "Rain",
					"description": "light rain",
					"icon": "10d"
				}
			],
			"clouds": {
				"all": 100
			},
			"wind": {
				"speed": 11.83,
				"deg": 141.559
			},
			"rain": {
				"3h": 0.375
			},
			"sys": {
				"pod": "d"
			},
			"dt_txt": "2019-09-29 21:00:00"
		}
	],
	"city": {
		"id": 5037649,
		"name": "Minneapolis",
		"coord": {
			"lat": 44.9773,
			"lon": -93.2655
		},
		"country": "US",
		"population": 382578,
		"timezone": -18000,
		"sunrise": 1569326535,
		"sunset": 1569370082
	}
}
